posts/id,posts/uuid,posts/title,posts/slug,posts/feature_image,posts/featured,posts/created_at,posts/updated_at
6416878f23ad590d103c02cd,7e663bf2-5a7a-457b-ae1b-27a84d17e3eb,About This Site,about,,0,2023-03-19T03:54:55.000Z,2023-04-06T15:25:50.000Z
641851af23ad590d103c0468,158bd4ec-53ac-455d-b90f-aae67d322d11,This Blog in Eleventy + Ghost,this-blog-in-eleventy-ghost,__GHOST_URL__/content/images/2023/03/Screenshot-2023-03-20-at-09.32.12.png,0,2023-03-20T12:29:35.000Z,2023-03-22T15:29:48.000Z
641899d923ad590d103c057a,91754e0e-4751-455e-825d-3ff1a9e80073,Microposts,microposts,,0,2023-03-20T17:37:29.000Z,2023-04-02T18:25:19.000Z
6418da4223ad590d103c0590,f872adf8-5b96-4f4c-8dc0-7082175a41e7,Finale Workflow Documentation,finale-workflow-documentation,__GHOST_URL__/content/images/2023/03/Finale-0209.png,0,2023-03-20T22:12:18.000Z,2023-03-20T22:18:07.000Z
6419163823ad590d103c05a0,6c641556-02b6-48e1-a86d-edf9a2960fc5,Gating My Content,gating-my-content,,0,2023-03-21T02:28:08.000Z,2023-03-21T02:37:52.000Z
6419189e23ad590d103c05e5,7ab7847c-d9d3-483f-9f86-d099cd51ebbc,Fixing a Broken GitHub Repo,fixing-a-broken-github-repo,https://images.unsplash.com/photo-1654277041218-84424c78f0ae?crop=entropy&cs=tinysrgb&fit=max&fm=jpg&ixid=MnwxMTc3M3wwfDF8c2VhcmNofDE2fHxnaXRodWJ8ZW58MHx8fHwxNjgwNzAwMjkw&ixlib=rb-4.0.3&q=80&w=2000,0,2023-03-21T02:38:22.000Z,2023-04-05T13:12:00.000Z
64191af123ad590d103c061b,dd35b5a4-f9a8-4b39-b285-a8b3555c2f9e,My Hugo Timeline,my-hugo-timeline,__GHOST_URL__/content/images/2023/04/Rootstalk-Timeline.png,0,2023-03-21T02:48:17.000Z,2023-04-05T13:05:24.000Z
64191c6e23ad590d103c063c,7bda4cdf-2c86-48c7-9739-083b439f3e0b,Proper Python,proper-python,https://images.unsplash.com/photo-1529978515127-dba8c80bbf05?crop=entropy&cs=tinysrgb&fit=max&fm=jpg&ixid=MnwxMTc3M3wwfDF8c2VhcmNofDQ4fHxweXRob258ZW58MHx8fHwxNjgwNzAwNTM2&ixlib=rb-4.0.3&q=80&w=2000,0,2023-03-21T02:54:38.000Z,2023-07-24T18:35:05.000Z
6419261f23ad590d103c0685,d5e4fc2a-ec72-4235-94e3-dbde64d3e69e,matomo-notes,matomo-notes,,0,2023-03-21T03:35:59.000Z,2023-04-05T03:23:57.000Z
641baef38e5f7604af103353,d8d8d458-a3d7-4889-8616-7136eb6bfd44,My Blog To-Do List,my-blog-to-do-list,__GHOST_URL__/content/images/2023/03/jessica-lewis-fJXv46LT7Xk-unsplash.jpg,1,2023-03-23T01:44:19.000Z,2023-04-21T01:57:33.000Z
641d0d8d8e5f7604af1034a7,d4145de6-3924-4749-9e92-7d98e7cc8dec,Built by Webhook + Password Protection,build-per-webhook-password-protection,__GHOST_URL__/content/images/2023/03/Screenshot-2023-03-23-at-21.38.05.png,0,2023-03-24T02:40:13.000Z,2023-03-24T03:44:16.000Z
6428cbf91e78d1110e1d7363,b40e0edd-4dad-4432-9d92-2159e775282a,Last of the Clean-up? - Derecho Follow-Up for September 6,last-of-the-clean-up----derecho-follow-up-for-september-6,,0,2023-04-02T00:27:37.000Z,2023-04-02T00:29:32.000Z
6428d2991e78d1110e1d736b,71da3b6a-b83d-4e9c-a53b-b4473fb7894c,Westbound to Seattle - Day 3,westbound-to-seattle---day-3,,0,2023-04-02T00:55:53.000Z,2023-04-02T01:00:06.000Z
6428d2991e78d1110e1d736c,911bb4a2-2bad-4f26-8531-2f032fbad962,One of Many Challenges,one-of-many-challenges,,0,2023-04-02T00:55:53.000Z,2023-04-02T00:59:03.000Z
6428de1979896513c53f3a95,9575d38c-bb57-447e-9125-530a5acb362f,Thanksgiving 2020,thanksgiving-2020,,0,2023-04-02T01:44:57.000Z,2023-04-02T03:48:00.000Z
6428e0e465e54c1436c5785d,afe1db8e-a78e-4992-a224-9f19782249d1,Moving to Netlify CMS,moving-to-netlify-cms,,0,2023-04-02T01:56:52.000Z,2023-04-02T03:48:19.000Z
6428e0e465e54c1436c5785e,5850b2b9-87c1-41db-a504-279c6000c831,Paperless-ng on CentOS7,paperless-ng-on-centos7,,0,2023-04-02T01:56:52.000Z,2023-04-02T03:48:27.000Z
6428e0e465e54c1436c57860,03879c5d-c472-4ad8-9710-0ca9b0360de7,→ Home Automation,--home-automation,https://images.unsplash.com/photo-1611117775350-ac3950990985?crop=entropy&cs=tinysrgb&fit=max&fm=jpg&ixid=MnwxMTc3M3wwfDF8c2VhcmNofDZ8fGF1dG9tYXRpb258ZW58MHx8fHwxNjgwNjk5MjQ0&ixlib=rb-4.0.3&q=80&w=2000,0,2023-04-02T01:56:53.000Z,2023-04-05T12:56:28.000Z
6428e0e465e54c1436c57861,8cf96fe8-e7d2-4604-9aea-a3715456cfc1,Westbound to Seattle - Day 2,westbound-to-seattle---day-2,,0,2023-04-02T01:56:53.000Z,2023-04-02T03:48:13.000Z
6428e16565e54c1436c5786e,9d442910-d066-486e-8c6d-6687a4f9a936,CentOS 7 Remote Using VNC,centos-7-remote-using-vnc,,0,2023-04-02T01:59:01.000Z,2023-04-02T03:50:06.000Z
6428e16565e54c1436c5786f,9736fc6d-95c1-4a75-932e-a09d6ab13647,A Simple Sign-up Form,a-simple-sign-up-form,,0,2023-04-02T01:59:01.000Z,2023-04-02T03:49:47.000Z
6428e16565e54c1436c57870,47f8e2e6-e5cc-4432-a383-69a0333a6f4a,Eastbound from Seattle - Day 2,eastbound-from-seattle---day-2,,0,2023-04-02T01:59:01.000Z,2023-04-02T03:49:10.000Z
6428e16565e54c1436c57871,2ffbdd10-deb4-41bf-b79f-a123dad45ebb,August 2022 - Geocaching's 20th Anniversary Celebration Event,august-2022---geocachings-20th-anniversary-celebration-event,,0,2023-04-02T01:59:01.000Z,2023-04-02T03:49:02.000Z
6428e16565e54c1436c57873,5678cf19-cd20-46c9-a309-176e4c335943,Migrating the Wieting Site in Drupal 8,migrating-the-wieting-site-in-drupal-8,,0,2023-04-02T01:59:02.000Z,2023-04-02T03:50:55.000Z
6428e16565e54c1436c57874,41abae99-a1ea-4f18-9e15-290807f18772,"Derecho Follow-Up - Saturday, August 22",derecho-follow-up---saturday--august-22,,0,2023-04-02T01:59:02.000Z,2023-04-02T03:50:25.000Z
6428e16565e54c1436c57876,676a7858-ed49-4b4c-8c0b-0a801babb742,Time for a Test Page,time-for-a-test-page,,0,2023-04-02T01:59:02.000Z,2023-04-02T03:49:39.000Z
6428e16565e54c1436c57877,7e8cacb0-b057-4186-88bf-56a816b633be,New Announcement Feature,new-announcement-feature,,0,2023-04-02T01:59:02.000Z,2023-04-02T03:50:14.000Z
6428e16565e54c1436c57878,0e9850c8-7337-42bc-8252-6d6cb7c42cd4,How MY Web Works,how-my-web-works-2,,0,2023-04-02T01:59:02.000Z,2023-04-02T03:48:47.000Z
6428e16565e54c1436c57879,e09d7f5f-d9b7-43b9-864d-dbd984a4c085,Tama-Toledo Parks - Derecho Follow-Up for August 24,tama-toledo-parks---derecho-follow-up-for-august-24,,0,2023-04-02T01:59:02.000Z,2023-04-02T03:50:19.000Z
6428e16565e54c1436c5787a,55ab82e3-ec72-4f15-a203-a09c576adb1b,Pandemic Pastime: Walking and Picking Up Trash,pandemic-pastime--walking-and-picking-up-trash,https://images.unsplash.com/photo-1604761550394-7690adbf0318?crop=entropy&cs=tinysrgb&fit=max&fm=jpg&ixid=MnwxMTc3M3wwfDF8c2VhcmNofDM1fHx0cmFzaHxlbnwwfHx8fDE2ODA2OTk0NjM&ixlib=rb-4.0.3&q=80&w=2000,0,2023-04-02T01:59:02.000Z,2023-04-05T12:58:09.000Z
6428e16565e54c1436c5787b,5366cb08-e15a-4c61-b166-87a8318ad261,Iowa's 2020 Hurricane,iowas-2020-hurricane,__GHOST_URL__/content/images/2023/04/Derecho-20-1000px.png,0,2023-04-02T01:59:03.000Z,2023-04-16T19:02:07.000Z
6428e16565e54c1436c5787c,57018004-ec95-4c7e-a307-6ea0ae3f0677,"The Derecho: Consolidated Posts and Microposts: August 10 thru September 6, 2020",the-derecho--consolidated-posts-and-microposts--august-10-thru-september-6--2020,,0,2023-04-02T01:59:03.000Z,2023-04-02T03:48:55.000Z
6428e16565e54c1436c5787d,128313d9-488f-4bf1-b9a2-886652bbd476,Atom No More?,atom-no-more-,,0,2023-04-02T01:59:03.000Z,2023-04-02T03:49:32.000Z
6428e16565e54c1436c5787e,915fc5e6-03ab-4a17-b097-3f3340e46005,Travel...MSP to CDG to OSL to KKN,travel---msp-to-cdg-to-osl-to-kkn,https://images.unsplash.com/photo-1630414178593-26f610c7ad2e?crop=entropy&cs=tinysrgb&fit=max&fm=jpg&ixid=MnwxMTc3M3wwfDF8c2VhcmNofDI2fHxOb3J3YXl8ZW58MHx8fHwxNjgwNjk5MTU5&ixlib=rb-4.0.3&q=80&w=2000,0,2023-04-02T01:59:03.000Z,2023-04-05T12:53:26.000Z
6428e16565e54c1436c5787f,35dfb24c-63a5-40f6-bdf5-972cd8479cd5,Eastbound from Seattle - Day 1,eastbound-from-seattle---day-1,,0,2023-04-02T01:59:03.000Z,2023-04-02T03:49:26.000Z
6428e16565e54c1436c57880,7c56fcc7-2f7f-4c67-be39-cbfd79d3feba,Westbound to Seattle - Day 1,westbound-to-seattle---day-1,,0,2023-04-02T01:59:03.000Z,2023-04-02T03:49:18.000Z
6428e16565e54c1436c57881,2486b41e-139f-4834-bfaa-c465ae4089d2,My MQTT Weekend,my-mqtt-weekend,,0,2023-04-02T01:59:03.000Z,2023-04-02T03:50:00.000Z
6428e16565e54c1436c57882,182aa636-5553-41d0-ac4e-280a7be13e75,5-Inch HDMI Raspberry Pi Touch Screen,5-inch-hdmi-raspberry-pi-touch-screen,,0,2023-04-02T01:59:03.000Z,2023-04-02T03:49:54.000Z
6428e16565e54c1436c57883,916ec881-a46b-4bf5-abf4-bca76be55d77,My Photos Workflow,my-photos-workflow,,0,2023-04-02T01:59:03.000Z,2023-04-02T03:51:06.000Z
6428e16565e54c1436c57884,31cffa92-4ee3-4413-af45-8061da24af23,Adding 'Remote Atom' to My DigitalOcean Server,adding-remote-atom-to-my-digitalocean-server,,0,2023-04-02T01:59:03.000Z,2023-04-02T03:50:50.000Z
6428e16565e54c1436c57885,6353a4a6-b768-4dd1-8844-b4aaa130efae,Launching MacDown from a Terminal,launching-macdown-from-a-terminal,,0,2023-04-02T01:59:03.000Z,2023-04-02T03:50:44.000Z
6428e16565e54c1436c57886,057cfef8-8400-4646-a92e-91caf29a93a9,→ Testing My ExternalURL Feature,--testing-my-externalurl-feature,,0,2023-04-02T01:59:03.000Z,2023-04-02T03:51:01.000Z
6428f2e965e54c1436c578c1,54beff53-947b-4b92-9009-aa577820a620,bbbike.html,bbbike-html,,0,2023-04-02T03:13:45.000Z,2023-04-05T01:33:56.000Z
6428f2e965e54c1436c578c2,042383ae-8539-4083-b5f1-5602897d794d,mcd.html,mcd-html,,0,2023-04-02T03:13:45.000Z,2023-04-05T01:26:23.000Z
6428f615bb6891164b1d4c59,d18c6744-683b-4eb7-9c5a-d786e1825ffb,nv.html,nv-html,,0,2023-04-02T03:27:17.000Z,2023-04-05T01:40:02.000Z
6428f615bb6891164b1d4c5a,eb296049-b97f-4e8d-a81e-8db02bad5982,tornado-warning-3-31.html,tornado-warning-3-31-html,,0,2023-04-02T03:27:17.000Z,2023-04-05T02:55:05.000Z
6428f795bb6891164b1d4c6a,065975c0-f036-403d-8b3f-78d6c27a94c3,salt.html,salt-html,,0,2023-04-02T03:33:41.000Z,2023-04-05T01:38:04.000Z
6428f795bb6891164b1d4c6c,9896d76c-fc38-470a-976d-54031b6f167b,hugo-mod-local.html,hugo-mod-local-html,,0,2023-04-02T03:33:41.000Z,2023-04-05T01:29:15.000Z
6428f795bb6891164b1d4c6d,65639584-e8cb-4bf7-95c3-7d4d0b07e79a,relearning-11ty.html,relearning-11ty-html,,0,2023-04-02T03:33:41.000Z,2023-04-05T03:28:28.000Z
6428f795bb6891164b1d4c6e,8937986a-5fe8-407b-a8f6-b539bdbb524a,how-to-adjust-a-bike-helmet.html,how-to-adjust-a-bike-helmet-html,,0,2023-04-02T03:33:41.000Z,2023-04-05T03:26:02.000Z
6428f795bb6891164b1d4c6f,ea984416-01bb-4514-ae94-229d779817d0,removed-title-display-from-microposts-like-this-one.html,removed-title-display-from-microposts-like-this-one-html,,0,2023-04-02T03:33:41.000Z,2023-04-05T02:56:28.000Z
6428f795bb6891164b1d4c70,2a054d5b-e305-47d7-8bc7-3440e40560f8,21pilots.html,21pilots-html,,0,2023-04-02T03:33:41.000Z,2023-04-05T01:36:19.000Z
6428f795bb6891164b1d4c71,a9884614-21fc-4719-a850-d3819fdb585d,testing-my-new-publisher-for-ghost-app-on-iphone.html,testing-my-new-publisher-for-ghost-app-on-iphone-html,,0,2023-04-02T03:33:41.000Z,2023-04-05T02:57:02.000Z
6428f795bb6891164b1d4c72,9f5fe593-22c9-4378-924f-37d8ef694d56,azure-extensions-for-vscode.html,azure-extensions-for-vscode-html,,0,2023-04-02T03:33:41.000Z,2023-04-05T01:30:03.000Z
6428f795bb6891164b1d4c73,eed494bc-20c1-48c5-8c94-44bccad6ff3e,gotta-love-hugo.html,gotta-love-hugo-html,,0,2023-04-02T03:33:41.000Z,2023-04-05T01:29:44.000Z
6428f795bb6891164b1d4c74,be3b4b96-404a-4a62-b337-d6c955370b4a,tama-walkingaudit.html,tama-walkingaudit-html,,0,2023-04-02T03:33:41.000Z,2023-04-05T01:34:58.000Z
6428f795bb6891164b1d4c75,505d349b-0157-47ce-ba5f-8bac30dff4c2,dns-and-azure-email-changes.html,dns-and-azure-email-changes-html,,0,2023-04-02T03:33:41.000Z,2023-04-05T03:27:14.000Z
6428f795bb6891164b1d4c76,cbeec327-f3e3-49f1-ac6a-69898daa5e51,adding-fontawesome-to-wieting-site.html,adding-fontawesome-to-wieting-site-html,,0,2023-04-02T03:33:42.000Z,2023-04-05T03:25:29.000Z
6428f795bb6891164b1d4c77,9d20cb9f-ed48-40d8-a029-1f4e49192f04,rawlins.html,rawlins-html,,0,2023-04-02T03:33:42.000Z,2023-04-05T01:39:02.000Z
6428f795bb6891164b1d4c78,d2ebc627-d942-4d3b-845f-bf03dad1c425,dick.html,dick-html,,0,2023-04-02T03:33:42.000Z,2023-04-05T01:37:11.000Z
6428f795bb6891164b1d4c79,4b7a8f96-96bf-4e3f-a873-0f52e1dad57e,turned-hot-water-recirc-off.html,turned-hot-water-recirc-off-html,,0,2023-04-02T03:33:42.000Z,2023-04-05T03:24:42.000Z
6428f795bb6891164b1d4c7a,b7f97ffc-024f-4ffa-83b7-9989438a3469,rename-azure-subscription.html,rename-azure-subscription-html,,0,2023-04-02T03:33:42.000Z,2023-04-05T03:29:22.000Z
6428f795bb6891164b1d4c7b,d0e9d090-dfd1-4e36-9145-18450981effe,ghost-this-weekend.html,ghost-this-weekend-html,,0,2023-04-02T03:33:42.000Z,2023-04-05T03:23:25.000Z
6428f795bb6891164b1d4c7c,40dc758a-9697-450c-92b9-d195e7922605,reset-python.html,reset-python-html,,0,2023-04-02T03:33:42.000Z,2023-04-05T01:33:32.000Z
642991a1bb6891164b1d4d8c,f28aabb5-65ce-4078-a161-2b55d18e9c96,adding-a-ghost-micropost-collection,adding-a-ghost-micropost-collection,,0,2023-04-02T14:30:57.000Z,2023-04-05T00:29:46.000Z
642a2915ddadd63e1863b36b,d6b0ea16-f096-453b-b6b1-0b6ae4186fd7,show-last-two-microposts-at-top-of-front-page,show-last-two-microposts-at-top-of-front-page,,0,2023-04-03T01:17:09.000Z,2023-04-05T00:29:25.000Z
642af68bddadd63e1863b37d,5278910c-2502-479b-8e17-f3859fe29260,moved-gc-azure-billing,moved-gc-azure-billing,,0,2023-04-03T15:53:47.000Z,2023-04-05T03:22:18.000Z
642c492bddadd63e1863b389,4622dbe0-29d5-4653-a7eb-099c1a583490,Moving Front Matter to the Rear,moving-front-matter-to-the-rear,https://images.unsplash.com/photo-1567972787460-5b9f5f23f514?crop=entropy&cs=tinysrgb&fit=max&fm=jpg&ixid=MnwxMTc3M3wwfDF8c2VhcmNofDd8fHJlYXJ8ZW58MHx8fHwxNjgwNjMyMjMx&ixlib=rb-4.0.3&q=80&w=2000,0,2023-04-04T15:58:35.000Z,2023-04-05T13:35:45.000Z
642c4b82ddadd63e1863b39f,03c0a15e-a93c-4ca8-93d0-cb10963aafba,Debugging This Blog with VSCode,debugging-this-blog-with-_vscode_,https://images.unsplash.com/photo-1592609931041-40265b692757?crop=entropy&cs=tinysrgb&fit=max&fm=jpg&ixid=MnwxMTc3M3wwfDF8c2VhcmNofDR8fHZzY29kZXxlbnwwfHx8fDE2ODA2MzI0NjM&ixlib=rb-4.0.3&q=80&w=2000,0,2023-04-04T16:08:34.000Z,2023-04-05T00:28:44.000Z
642e8437ddadd63e1863b585,37f01abf-5c2e-4ccd-aaeb-b2b8e029e546,Testing ghost publisher again,testing-ghost-publisher-again,,0,2023-04-06T08:35:03.000Z,2023-04-06T14:49:26.000Z
64316124ddadd63e1863b59d,225bce0b-ebc8-4cab-842d-bb2c838f16e6,How I Added a Collection to This Blog,how-i-added-a-collection-to-this-blog,https://images.unsplash.com/photo-1591961172040-ee974a422616?crop=entropy&cs=tinysrgb&fit=max&fm=jpg&ixid=MnwxMTc3M3wwfDF8c2VhcmNofDEwMnx8Y29sbGVjdGlvbnxlbnwwfHx8fDE2ODA5NTc5ODI&ixlib=rb-4.0.3&q=80&w=2000,0,2023-04-08T12:42:12.000Z,2023-04-13T00:53:35.000Z
6433103dddadd63e1863b636,d000bc35-5871-4cd3-b3ec-0fb502444c87,Easter Nap Time,easter-nap-time,,0,2023-04-09T19:21:33.000Z,2023-04-09T19:23:54.000Z
643367d3ddadd63e1863b650,a16c3f9b-00b0-4f00-9d0b-09789198a3c1,Hot Spring Spa is Gone,hot-spring-spa-is-gone,,0,2023-04-10T01:35:15.000Z,2023-04-10T01:36:38.000Z
64343fedddadd63e1863b666,b4fdb2c3-5dd5-4a9a-b1cb-e6ea8a40bfb0,Updated-Rootstalk-with-landscape-orientation-message,updated-rootstalk-with-landscape-orientation-message,,0,2023-04-10T16:57:17.000Z,2023-04-10T16:59:19.000Z
6434c995ddadd63e1863b677,f7a7a10b-4864-4ca0-ba1b-af13458fcb24,survived-first-soccer-officiating,survived-first-soccer-officiating,,0,2023-04-11T02:44:37.000Z,2023-04-11T02:47:40.000Z
643627dcddadd63e1863b68c,bd3877ff-4bd0-43fa-9cff-3f6d798507da,maybe-paperless-ngx,maybe-paperless-ngx,,0,2023-04-12T03:39:08.000Z,2023-04-12T03:42:01.000Z
643685f7ddadd63e1863b6a3,fd30169a-f80b-423a-8f74-8fe90d9cf3d9,hiding-microposts-breaks-pagination,hiding-micrposts-breaks-pagination,,0,2023-04-12T10:20:39.000Z,2023-04-12T11:21:31.000Z
643752e8ddadd63e1863b6c1,c0554478-0971-4526-bdd9-bc7d68b9763a,filing-2022-income-taxes,filing-2022-income-taxes,,0,2023-04-13T00:55:04.000Z,2023-04-13T00:56:49.000Z
6438784dddadd63e1863b6d6,29262b07-6ed1-4605-b5e5-5cbf930f8ae9,fixed-missing-individual-microposts,fixed-missing-individual-microposts,,0,2023-04-13T21:46:53.000Z,2023-04-14T01:45:06.000Z
643a1077ddadd63e1863b6eb,e61c08f1-3432-4c1b-aea8-59c86cbb6814,first-varsity-soccer-officiating,first-varsity-soccer-officiating,,0,2023-04-15T02:48:23.000Z,2023-04-15T02:50:58.000Z
643aa81eddadd63e1863b705,e4d2128d-7f29-4570-9522-68cc1af644d1,new-gpx-merge,new-gpx-merge,,0,2023-04-15T13:35:26.000Z,2023-04-15T15:04:49.000Z
643bf72fddadd63e1863b738,890c8811-2fd5-4b3e-a473-c62e99dcaade,reduce-spaces-stored-image-sizes,reduce-azure-stored-image-sizes,,0,2023-04-16T13:25:03.000Z,2023-04-16T19:40:37.000Z
643c0304ddadd63e1863b751,6e416562-0c04-4f46-8f1c-3dc529c221cc,Engaging `s3cmd` to Download and Resize Images from DO Spaces,engaging-s3cmd-to-download-and-resize-images-from-do-spaces,__GHOST_URL__/content/images/2023/04/Screenshot-2023-04-16-at-14.37.02.png,0,2023-04-16T14:15:32.000Z,2023-04-16T19:38:25.000Z
643e0a98ddadd63e1863b838,6fdc7ed9-ac36-41a2-98c2-1895481ff297,another-ms-soccer-in-the-books,another-ms-soccer-in-the-books,,0,2023-04-18T03:12:24.000Z,2023-04-18T03:14:04.000Z
643e9a8bddadd63e1863b84c,debd2dd5-6918-463f-a711-3266072b4800,early-start-fixed-small-micropost-display,early-start-fixed-small-micropost-display,,0,2023-04-18T13:26:35.000Z,2023-04-18T13:29:13.000Z
643f30f7ddadd63e1863b860,357556f8-640b-4ee9-92e3-83faaf56d67e,barb-sprayed-the-snow-on-the-mountain,barb-sprayed-the-snow-on-the-mountain,,0,2023-04-19T00:08:23.000Z,2023-04-19T00:10:04.000Z
643f378dddadd63e1863b874,cf2f4873-c7ca-4110-9cf8-7978c460e366,implementing-pagefind-here,implementing-pagefind-here,,0,2023-04-19T00:36:29.000Z,2023-04-20T15:00:56.000Z
644153c5ddadd63e1863b89c,ad852665-e132-4b05-98ed-642a4b8f7de7,Searching for a Search Solution,glad-i-found-pagefind,https://images.unsplash.com/photo-1496449903678-68ddcb189a24?crop=entropy&cs=tinysrgb&fit=max&fm=jpg&ixid=MnwxMTc3M3wwfDF8c2VhcmNofDIzfHxzZWFyY2h8ZW58MHx8fHwxNjgyMDAyODkw&ixlib=rb-4.0.3&q=80&w=2000,0,2023-04-20T15:01:25.000Z,2023-04-20T20:41:53.000Z
64459332ddadd63e1863babf,16e69fae-76f5-4b55-8fbd-14333e72d071,sold-mower-and-bunk-bed,sold-mower-and-bunk-bed,,0,2023-04-23T20:21:06.000Z,2023-04-23T20:23:43.000Z
644c7b91ddadd63e1863bb93,7c41ad77-ffec-4ab7-848c-84d11ed0c7e5,pca-weekend,pca-weekend,,0,2023-04-29T02:06:09.000Z,2023-04-29T02:18:39.000Z
644d0e1bddadd63e1863bbbf,fb52cb75-79e3-43dd-9570-f3f01fcd9c4a,cold-morning-clear-lake,cold-morning-clear-lake,,0,2023-04-29T12:31:23.000Z,2023-04-29T12:33:46.000Z
6451148eddadd63e1863bbd3,7d37eb05-ba14-4bf9-9557-013333ce6a7e,middle-school-soccer-dual,middle-school-soccer,,0,2023-05-02T13:47:58.000Z,2023-05-02T13:50:12.000Z
64553032ddadd63e1863bbed,1bc93eae-03a0-447c-acd0-12f93acdc72c,fathers-and-sons,fathers-and-sons,,0,2023-05-05T16:34:58.000Z,2023-05-07T15:34:11.000Z
645955f9ddadd63e1863bc07,ae2c9acd-ef5c-44e2-87c9-e198cb4f2c4e,applied-BioAdvanced-Concentrate-Season-Long-Weed-Killer,applied-bioadvanced-concentrate-season-long-weed-killer,,0,2023-05-08T20:05:13.000Z,2023-05-08T20:16:58.000Z
645a6c49ddadd63e1863bc27,1626ddfc-6816-4b1f-b401-72507eee83fc,lawn-is-looking-better,lawn-is-looking-better,,0,2023-05-09T15:52:41.000Z,2023-05-09T15:54:33.000Z
645ad272ddadd63e1863bc36,4fbbe0de-00ec-48c0-a003-4d2c142b69ae,wrapping-hugo-in-npm,wrapping-hugo-in-npm,,0,2023-05-09T23:08:34.000Z,2023-05-10T14:56:55.000Z
645baab7ddadd63e1863bc52,c04500f4-409c-4eab-b301-1151a715270d,A Pagefind Problem?,a-pagefind-problem,https://images.unsplash.com/photo-1561470508-fd4df1ed90b2?crop=entropy&cs=tinysrgb&fit=max&fm=jpg&ixid=MnwxMTc3M3wwfDF8c2VhcmNofDE0fHxjbG91ZCUyMHN0b3JtfGVufDB8fHx8MTY4MzcyOTUzNg&ixlib=rb-4.0.3&q=80&w=2000,0,2023-05-10T14:31:19.000Z,2023-05-19T21:05:02.000Z
64627a84ddadd63e1863bc67,6305edca-d674-4b13-9a92-fec93443fd7a,first-matomo-update,first-matomo-update,,0,2023-05-15T18:31:32.000Z,2023-05-15T18:33:16.000Z
6467e4a1ddadd63e1863bc80,57388bc9-8f8a-412b-be13-cbee3b2e2d15,Wrap EVERYTHING in NPM!,wrap-everything-in-npm,https://images.unsplash.com/photo-1587539963986-8a74135821d4?crop=entropy&cs=tinysrgb&fit=max&fm=jpg&ixid=M3wxMTc3M3wwfDF8c2VhcmNofDQzfHx3cmFwfGVufDB8fHx8MTY4NDUzMDM1MXww&ixlib=rb-4.0.3&q=80&w=2000,1,2023-05-19T21:05:37.000Z,2023-07-18T21:22:37.000Z
646b8972ddadd63e1863bd3b,dfb207f2-5b54-45d8-ba8d-25f5b5621e64,Commencment-2023,commencment-2023,,0,2023-05-22T15:25:38.000Z,2023-05-22T16:41:37.000Z
646e5561ddadd63e1863bd5a,62b71aac-c9ba-4c6b-be4a-a0be9f5d2cb8,cyclone-1965-completed,cyclone-1965-completed,,0,2023-05-24T18:20:17.000Z,2023-05-24T18:23:56.000Z
64703d76ddadd63e1863bd72,68a8acd2-fc2e-445e-98f8-e71059ba3546,owensboro-ky,owensboro-ky,,0,2023-05-26T05:02:46.000Z,2023-05-26T05:06:43.000Z
6476ac01ddadd63e1863bd85,8390268f-2735-433a-ae37-aca85ee47d82,elementary-school-weed-control,elementary-school-weed-control,,0,2023-05-31T02:08:01.000Z,2023-05-31T02:10:06.000Z
6477c94eddadd63e1863bd97,ffd52dcc-95e3-43b7-a45e-00b5177b8dfe,Roadtrip: Geowoodstock 2023,roadtrip-geowoodstock-2023,https://images.unsplash.com/photo-1593115590389-076721aa1607?crop=entropy&cs=tinysrgb&fit=max&fm=jpg&ixid=M3wxMTc3M3wwfDF8c2VhcmNofDF8fGdlb2NhY2hpbmd8ZW58MHx8fHwxNjg1NTc2MDQyfDA&ixlib=rb-4.0.3&q=80&w=2000,0,2023-05-31T22:25:18.000Z,2023-06-01T02:54:01.000Z
6478a08addadd63e1863bdfb,2ba6721f-4e6b-4d97-87df-dee7eb27e810,streamlit-ghost-azure-resources,streamlit-ghost-azure-resources,,0,2023-06-01T13:43:38.000Z,2023-06-05T17:20:28.000Z
647bc916ddadd63e1863be1c,881f12f4-a78f-468e-b6cd-bb960da14af8,fixing-wieting-guild-pages,fixing-wieting-guild-pages,,0,2023-06-03T23:13:26.000Z,2023-06-03T23:37:01.000Z
647dd46cddadd63e1863be50,8a582700-dab9-4b59-aebe-4d959558fcb8,streamlit-apps-fork,streamlit-apps-fork,,0,2023-06-05T12:26:20.000Z,2023-06-05T17:06:21.000Z
647f65cfddadd63e1863be88,1625f68b-a65d-4046-a305-03b9866918f3,Planting Sempervivum tectorum (and More),planting-hens-and-chicks-and-more,https://images.unsplash.com/photo-1642900282496-0ffb92c20adb?crop=entropy&cs=tinysrgb&fit=max&fm=jpg&ixid=M3wxMTc3M3wwfDF8c2VhcmNofDJ8fGhlbnMlMjBhbmQlMjBjaGlja3N8ZW58MHx8fHwxNjg2MDcxNjI4fDA&ixlib=rb-4.0.3&q=80&w=2000,0,2023-06-06T16:58:55.000Z,2023-06-06T17:14:02.000Z
64845ff7ddadd63e1863bece,64515be2-f15d-4f65-9c16-82ebff06ff22,camping-at-fishermans-corner,camping-at-fishermans-corner,,0,2023-06-10T11:35:19.000Z,2023-06-10T12:21:23.000Z
6487716cddadd63e1863bee5,98dc0218-79c6-4d45-a2ac-8b99bf08c60a,upgrading-matomo-php,upgrading-matomo-php,,0,2023-06-12T19:26:36.000Z,2023-06-12T19:56:08.000Z
64931a30ddadd63e1863bf09,ed307f47-3650-430d-a7da-5888c49456a2,greetings-from-vermillion,greetings-from-vermillion,,0,2023-06-21T15:41:36.000Z,2023-06-21T15:45:01.000Z
6495a38bddadd63e1863bf22,595c4bf3-2de4-44a9-a41b-3cf67c3bfddb,fire-alarm-2-am,fire-alarm-2-am,,0,2023-06-23T13:52:11.000Z,2023-06-23T13:54:01.000Z
6496ff70ddadd63e1863bf33,38719519-49b7-40e9-ada1-05722d389f86,a-close-call-indeed,a-close-call-indeed,,0,2023-06-24T14:36:32.000Z,2023-06-24T14:48:41.000Z
64a1a208ddadd63e1863bf5c,3065b6dc-8bb3-4392-bf41-3eb60625bc8b,Buzzard-billys,buzzard-billys,,0,2023-07-02T16:12:56.000Z,2023-07-02T16:15:59.000Z
64a6fb49ddadd63e1863bf77,4997464d-aca4-489f-aa5c-30d7e86d5753,Redefining an Azure Static Web App,redefining-an-azure-static-web-app,,0,2023-07-06T17:35:05.000Z,2023-07-06T19:11:12.000Z
64b93ff9ddadd63e1863bfd7,af32956c-75b1-49ab-85f1-7b8290f38a78,3Dprinter-probe-z-offset,3dprinter,,0,2023-07-20T14:08:57.000Z,2023-07-20T14:12:20.000Z
64bafd80ddadd63e1863bfef,dbe452de-4c07-40dd-a896-4fa2cfd3516f,3d-printer-z-adjustment,3d-printer-z-adjustment,,0,2023-07-21T21:49:52.000Z,2023-07-21T21:51:38.000Z
64bd82b3ddadd63e1863c001,fadf9fbb-1462-49c0-b842-722209b7cd18,u-post-cap-stl-file,u-post-cap-stl-file,,0,2023-07-23T19:42:43.000Z,2023-07-23T19:45:05.000Z
64bec538ddadd63e1863c015,8ee8a860-10c3-449c-9d2f-135a83a444e0,Building My First Steamlit App,building-my-first-steamlit-app,https://images.unsplash.com/photo-1600682322637-95c40966e79f?crop=entropy&cs=tinysrgb&fit=max&fm=jpg&ixid=M3wxMTc3M3wwfDF8c2VhcmNofDM2fHxweXRob258ZW58MHx8fHwxNjkwMjIzOTUxfDA&ixlib=rb-4.0.3&q=80&w=2000,0,2023-07-24T18:38:48.000Z,2023-07-25T02:15:43.000Z
6519787cddadd63e1863c05f,e975e0f7-4fc7-407f-83d5-7c4d3db52c39,Tested Positive for COVID,tested-positive-for-covid,,0,2023-10-01T13:47:40.000Z,2023-10-01T13:49:47.000Z
65198336ddadd63e1863c06f,0caf5780-0b84-4a34-8f83-5ece681e9081,"For Sale: The Rolling Stone, a Home-Built Teardrop Foamie",for-sale-the-rolling-stone-a-home-built-teardrop-foamie,__GHOST_URL__/content/images/2023/10/IMG_1260.png,0,2023-10-01T14:33:26.000Z,2023-11-20T18:55:56.000Z
6537090cddadd63e1863c288,b4dc769a-6437-4c20-98b4-dce7f1aa96a5,Garmin GPSMAP 67 Experience,garmin-gpsmap-67-experience,https://images.unsplash.com/photo-1593115590389-076721aa1607?crop=entropy&cs=tinysrgb&fit=max&fm=jpg&ixid=M3wxMTc3M3wwfDF8c2VhcmNofDF8fGdlb2NhY2hlfGVufDB8fHx8MTY5ODEwNTk2NXww&ixlib=rb-4.0.3&q=80&w=2000,0,2023-10-24T00:00:12.000Z,2023-10-24T02:12:57.000Z
655bac21ddadd63e1863c395,74eebc2f-f9d4-4c0a-b627-7380393f980f,Improving My Azure Blob Storage,improving-my-azure-blob-storage,,0,2023-11-20T18:57:37.000Z,2023-12-23T12:06:05.000Z
6586cbd4ddadd63e1863c3b0,14fbb190-606e-466f-a20f-bd2f14e29e46,Time for a New Static CMS Approach,time-for-a-new-static-cms-approach,,1,2023-12-23T12:00:20.000Z,2023-12-23T12:04:41.000Z
658e2900ddadd63e1863c3e1,0196933d-9a3b-4966-af52-35052766e620,First Dose of Wegovy,first-dose-of-wegovy,,0,2023-12-29T02:03:44.000Z,2023-12-29T14:11:21.000Z
658ed79eddadd63e1863c3f3,74ad3c0d-661c-4aa1-aacf-ca189ddc3b3e,On-prem Servers with StaticCMS and Remote Access for the Wieting,on-prem-servers-with-staticcms-and-remote-access-for-the-wieting,https://images.unsplash.com/photo-1515413741792-b5900ade941f?crop=entropy&cs=tinysrgb&fit=max&fm=jpg&ixid=M3wxMTc3M3wwfDF8c2VhcmNofDE4fHxyZW1vdGV8ZW58MHx8fHwxNzAzODYwMTU1fDA&ixlib=rb-4.0.3&q=80&w=2000,0,2023-12-29T14:28:46.000Z,2023-12-29T17:19:09.000Z
659ea83addadd63e1863c59d,a68a90ec-dded-48dd-b2c6-e898b5f92dfd,Snowpocalypse 2024?,snowpocalypse-2024,__GHOST_URL__/content/images/2024/01/IMG_2071.png,0,2024-01-10T14:22:50.000Z,2024-01-10T15:55:56.000Z
65a2aadbddadd63e1863c630,0ea55fc1-0742-4fe1-9ba1-7abb334b1b0c,Snowpocalypse 2024 - Round 2,snowpocalypse-2024-round-2,__GHOST_URL__/content/images/2024/01/IMG_1551.png,0,2024-01-13T15:23:07.000Z,2024-01-13T15:28:12.000Z
65a2adb6ddadd63e1863c691,5b88f3cb-429c-4220-9136-cb8854cd3d2f,Spinning Up StaticCMS,spinning-up-staticcms,__GHOST_URL__/content/images/2024/01/Screenshot-2024-01-13-at-09.34.52.png,1,2024-01-13T15:35:18.000Z,2024-01-14T03:53:56.000Z
670983acddadd63e1863c6d9,c5a83a00-dbca-4d55-b64a-00f3e095760c,NOT Like a Rolling Stone,not-like-a-rolling-stone,https://images.unsplash.com/photo-1438006864692-327506ca1997?crop=entropy&cs=tinysrgb&fit=max&fm=jpg&ixid=M3wxMTc3M3wwfDF8c2VhcmNofDN8fG1vc3N8ZW58MHx8fHwxNzI4Njc2Njk3fDA&ixlib=rb-4.0.3&q=80&w=2000,1,2024-10-11T19:59:40.000Z,2024-10-11T20:17:41.000Z
